5f1d7a840db267d7f4c911e8d7a4b3e5,02c1e5e5fab2620710452162c33f78d6cf5bdbb29d501b2721632b4202e98750
6a5b5d5e5f606162636465666768696a,01c6e1e3f8b76f5615477560c3392ad39f5c8ebf9a54482973637c4e56e3d404
7b7c7d7e7f808182838485868788898a,00c5e3e2fab76d5617477b60cd3924d3915c80bf945446297d63724e58e3da04
8c8d8e8f909192939495969798999a9b,0fc4ece5f5b6625519117a61cc3a25d2905b81be955747287c6c734f59bbdb07
9d9e9fa0a1a2a3a4a5a6a7a8a9aaabac,0ec3ede4f4b53b0341102262943b7dd5c85ad9bdcd561f27246d2b1701b88306
aeafb0b1b2b3b4b5b6b7b8b9babbbcbdbebf,56c2b5e7afe3380242132163973c7ed4cb59dabcce591c262735281402b9800155c2b6e7
c0c1c2c3c4c5c6c7c8c9cacbcccdcecfd0d1,5497b7b0aee1390043152065963e7fd6ca57dbb2cf001d7d2637291203bf81035397b0b0
d2d3d4d5d6d7d8d9dadbdcdddedfe0e1e2,5395b0b2a9e73e0644172767913078d8cd0edce9c8021a7b21312e1005ea87545295
e3e4e5e6e7e8e9eaebecedeeeff0f1f2f3f4,5294b1b5a8e63f054516266890317980cc0ddde8c9051b7a20322c4606eb84575194b2b5
f5f6f7f8f9fafbfcfdfeff00010203040506,5192b2b7abe43c0b46182531936a7a82cf0bdeeeca074e2f75657a4450e9d2510792e4b7
0708090a0b0c0d0e0f101112131415161718,0790e4b9fdea6a5210437333c56c2c84990989bb9d504f2d74677b4251efd3530690e5b9
191a1b1c1d1e1f202122232425262728292a,069ee5e0fcb16b5011457235c46e2ed19b5e8ab99e524c2b7761784052edd05d059ee6e0
2b2c2d2e2f303132333435363738393a3b3c,05c5e6e2ffb7685612477060c6392fd39a5c8bbf9f544d297663794e53e3d10404c5e7e2
3d3e3f404142434445464748494a4b4c4d4e,04c3e7e4feb56e0314107762c13b28d59d5a8cbd98564a27716d7e1754b8d60603c3e0e4
4f505152535455565758595a5b5c5d5e5f60,03c1e1b1f8e26f0115127664c03d29d79c588db399584b7e70367f1555bed70002c1e2b1
6162636465666768696a6b6c6d6e6f707172,0196e2b3fbe06c0716147566c33f2ad99f568eea9a03487c73307c1356bcd5550096e3b3
737475767778797a7b7c7d7e7f8081828384,0094e3b5fae66d0517167468c2312b809e0d8fe89b05497a7232724658ebda570f94ecb5
85868788898a8b8c8d8e8f90919293949596,0f92ecb7f5e4620b18187b31cd6a2482910b80ee9407472f7c65734459e9db510e92edb7
9798999a9b9c9d9e9fa0a1a2a3a4a5a6a7a8,0e90edb9f4ea635219437a33cc6c25849009d9bbcd501f2d24672b4201ef83535690b5b9
a9aaabacadaeafb0b1b2b3b4b5b6b7b8b9ba,569eb5e0acb13b5041452235946e7ed1cb5edab9ce521c2b2761284002ed805d559eb6e0
bbbcbdbebfc0c1c2c3c4c5c6c7c8c9cacbcc,55c5b6e2afb738564247206096397fd3ca5cdbbfcf541d292663294e03e3810454c5b7e2
cdcecfd0d1d2d3d4d5d6d7d8d9dadbdcddde,54c3b7e4aeb53e0344102762913b78d5cd5adcbdc8561a27216d2e1704b8860653c3b0e4
dfe0e1e2e3e4e5e6e7e8e9eaebecedeeeff0,53c1b1b1a8e23f0145122664903d79d7cc58ddb3c9581b7e20362f1505be870052c1b2b1
f1f2f3f4f5f6f7f8f9fafbfcfdfeff000102,5196b2b3abe03c0746142566933f7ad9cf56deeaca03187c23302c1306bcd2550796e4b3
030405060708090a0b0c0d0e0f1011121314,0794e4b5fde66a0510167368c5312c80990d88e89c054e7a75327b4651ebd3570694e5b5
15161718191a1b1c1d1e1f20212223242526,0692e5b7fce46b0b11187231c46a2d82980b89ee9d074c2f7765784452e9d0510592e6b7
